Txn Date,Value Time,Debit,Credit,Narration,UTR,Balance
18/09/2026,14:31:40,,485000,UPI/CR/9007198254@oksbi/REFUND-KYC,UPI26918123456001,485000
18/09/2026,14:32:05,240000,,UPI/DR/M2-ACC987654321/FORWARD,UPI26918123456002,245000
18/09/2026,14:32:18,245000,,UPI/DR/M3-ACC112233445/FORWARD,UPI26918123456003,0
17/09/2026,09:15:00,,50000,UPI/CR/SALARY/XYZCOMPANY,UPI26917000000011,50000
17/09/2026,11:20:00,20000,,ATM/WD/MUMBAI-STN,ATM26917000000022,30000
16/09/2026,08:00:00,,80000,NEFT/CR/RENT-RETURN,NEFT269160000031,80000
16/09/2026,10:30:00,15000,,UPI/DR/GROCERY/DMART,UPI26916000000042,65000
15/09/2026,14:00:00,,25000,UPI/CR/FREELANCE/PAYMENT,UPI26915000000053,90000
15/09/2026,16:00:00,10000,,UPI/DR/ONLINE-SHOP,UPI26915000000064,80000
